req_id,category,subcategory,requirement_text,target_value,test_module,test_function,validation_method,status,priority,phase,notes,effort_weeks,dependencies,blocks,assignee,sprint,started_date,completed_date,requirement_file,external_id
REQ-DB-001,DB,Schema,Database setup with SQLite and schema for all entities,All tables created with proper types constraints and indexes,,test_database_setup,Integration Test,MISSING,P0,1,Foundation: all entities depend on database,0.5,,REQ-AUTH-001|REQ-VALID-001,,,,,requirements/DB/REQ-DB-001.md,
REQ-AUTH-001,AUTH,Registration,User registration with password hashing,POST /auth/register creates user with hashed password,,test_user_registration,Integration Test,MISSING,P0,1,Authentication required for all operations,0.5,REQ-DB-001,REQ-AUTH-002,,,,,requirements/AUTH/REQ-AUTH-001.md,
REQ-AUTH-002,AUTH,JWT,JWT login and authentication middleware,POST /auth/login returns JWT; middleware validates tokens,,test_jwt_auth,Integration Test,MISSING,P0,1,All endpoints depend on auth middleware,0.5,REQ-AUTH-001,REQ-AUTH-003|REQ-TENANT-001,,,,,requirements/AUTH/REQ-AUTH-002.md,
REQ-AUTH-003,AUTH,Profile,User profile view and update,GET/PUT /auth/me returns and updates user profile,,test_user_profile,Integration Test,MISSING,HIGH,2,User self-service account management,0.3,REQ-AUTH-002,,,,,,requirements/AUTH/REQ-AUTH-003.md,
REQ-TENANT-001,TENANT,Create,Organization creation with owner assignment,POST /orgs creates org and assigns creator as owner,,test_org_creation,Integration Test,MISSING,P0,2,Organizations are the top-level tenant boundary,0.5,REQ-AUTH-002,REQ-TENANT-002|REQ-RBAC-001,,,,,requirements/TENANT/REQ-TENANT-001.md,
REQ-TENANT-002,TENANT,CRUD,Organization CRUD with tenant isolation,GET/PUT/DELETE orgs scoped to membership,,test_org_crud,Integration Test,MISSING,P0,2,Tenant isolation must be enforced on every query,0.5,REQ-TENANT-001,REQ-TENANT-003,,,,,requirements/TENANT/REQ-TENANT-002.md,
REQ-TENANT-003,TENANT,Isolation,Tenant isolation enforcement on all queries,Every database query scopes to current org_id,,test_tenant_isolation,Integration Test,MISSING,P0,2,Cross-tenant data leakage is a critical security failure,0.5,REQ-TENANT-002,REQ-RBAC-002,,,,,requirements/TENANT/REQ-TENANT-003.md,
REQ-RBAC-001,RBAC,Roles,Role assignment for organization members,Owner admin member viewer roles with permission matrix,,test_role_assignment,Integration Test,MISSING,P0,3,RBAC controls access to all org resources,0.5,REQ-TENANT-001,REQ-RBAC-002,,,,,requirements/RBAC/REQ-RBAC-001.md,
REQ-RBAC-002,RBAC,Enforcement,Role-based access control middleware,Enforce permission matrix on every org endpoint,,test_rbac_enforcement,Integration Test,MISSING,P0,3,Every org endpoint must check role permissions,0.5,REQ-RBAC-001|REQ-TENANT-003,REQ-RBAC-003|REQ-PROJ-001|REQ-AUDIT-001,,,,,requirements/RBAC/REQ-RBAC-002.md,
REQ-RBAC-003,RBAC,Members,Member management and invitation flow,Invite by email accept invitation change role remove member,,test_member_management,Integration Test,MISSING,P0,3,Onboarding and offboarding org members,0.5,REQ-RBAC-002,REQ-NOTIF-001,,,,,requirements/RBAC/REQ-RBAC-003.md,
REQ-PROJ-001,PROJ,CRUD,Project CRUD within organization,Create read update delete projects scoped to org,,test_project_crud,Integration Test,MISSING,P0,4,Projects organize resources within an org,0.5,REQ-RBAC-002,REQ-PROJ-002|REQ-RES-001,,,,,requirements/PROJ/REQ-PROJ-001.md,
REQ-PROJ-002,PROJ,Archive,Project archival and restoration,Archive and unarchive projects with cascade to resources,,test_project_archive,Integration Test,MISSING,HIGH,4,Lifecycle management for completed projects,0.3,REQ-PROJ-001,REQ-PROJ-003,,,,,requirements/PROJ/REQ-PROJ-002.md,
REQ-PROJ-003,PROJ,Delete,Project deletion with resource cascade,Delete project and all associated resources,,test_project_delete,Integration Test,MISSING,HIGH,4,Permanent data removal with cascading cleanup,0.3,REQ-PROJ-002,REQ-WEBHOOK-003,,,,,requirements/PROJ/REQ-PROJ-003.md,
REQ-RES-001,RES,CRUD,Resource CRUD within projects,Create read update soft-delete resources with type and metadata,,test_resource_crud,Integration Test,MISSING,P0,5,Resources are the core managed entity,0.5,REQ-PROJ-001,REQ-RES-002,,,,,requirements/RES/REQ-RES-001.md,
REQ-RES-002,RES,Filters,Resource filtering and listing,List resources with type status and search filters,,test_resource_filters,Integration Test,MISSING,HIGH,5,Discovery and organization of resources,0.3,REQ-RES-001,REQ-SEARCH-001,,,,,requirements/RES/REQ-RES-002.md,
REQ-APIKEY-001,APIKEY,CRUD,API key creation and management,Create list revoke API keys scoped to org,,test_api_key_crud,Integration Test,MISSING,P0,5,Programmatic access for integrations,0.5,REQ-RBAC-002,REQ-APIKEY-002,,,,,requirements/APIKEY/REQ-APIKEY-001.md,
REQ-APIKEY-002,APIKEY,Auth,API key authentication middleware,X-API-Key header authentication with scope enforcement,,test_api_key_auth,Integration Test,MISSING,P0,5,API keys provide alternative to JWT for automation,0.5,REQ-APIKEY-001,REQ-APIKEY-003,,,,,requirements/APIKEY/REQ-APIKEY-002.md,
REQ-APIKEY-003,APIKEY,Scopes,API key scope enforcement,Scoped access control for read write admin operations,,test_api_key_scopes,Integration Test,MISSING,HIGH,6,Fine-grained access control for integrations,0.5,REQ-APIKEY-002,REQ-QUOTA-002,,,,,requirements/APIKEY/REQ-APIKEY-003.md,
REQ-BILLING-001,BILLING,Plans,Billing plan definitions and limits,Free starter business enterprise with member project resource limits,,test_billing_plans,Integration Test,MISSING,P0,4,Plans define the resource limits for each org,0.5,REQ-TENANT-001,REQ-BILLING-002,,,,,requirements/BILLING/REQ-BILLING-001.md,
REQ-BILLING-002,BILLING,Upgrade,Plan upgrade and downgrade,Change plan with limit validation on downgrade,,test_plan_changes,Integration Test,MISSING,P0,4,Revenue management and self-service tier changes,0.5,REQ-BILLING-001,REQ-QUOTA-001|REQ-BILLING-003,,,,,requirements/BILLING/REQ-BILLING-002.md,
REQ-BILLING-003,BILLING,Invoices,Invoice generation and listing,Generate monthly invoices with usage details,,test_invoice_management,Integration Test,MISSING,HIGH,7,Financial records for billing cycles,0.5,REQ-BILLING-002|REQ-QUOTA-002,REQ-BILLING-004,,,,,requirements/BILLING/REQ-BILLING-003.md,
REQ-BILLING-004,BILLING,Usage,Usage tracking and reporting,Track api_calls storage_bytes resources_created per org,,test_usage_tracking,Integration Test,MISSING,HIGH,7,Metered usage for billing and quotas,0.5,REQ-BILLING-003,REQ-ANALYTICS-001,,,,,requirements/BILLING/REQ-BILLING-004.md,
REQ-QUOTA-001,QUOTA,Enforce,Quota enforcement on create operations,Return 402 when plan limits would be exceeded,,test_quota_enforcement,Integration Test,MISSING,P0,5,Prevents exceeding plan limits,0.5,REQ-BILLING-002,REQ-QUOTA-002,,,,,requirements/QUOTA/REQ-QUOTA-001.md,
REQ-QUOTA-002,QUOTA,Warnings,Quota warning notifications,Notify at 80% of plan limits,,test_quota_warnings,Integration Test,MISSING,HIGH,6,Proactive warning before hitting hard limits,0.5,REQ-QUOTA-001|REQ-APIKEY-003|REQ-NOTIF-002,REQ-BILLING-003,,,,,requirements/QUOTA/REQ-QUOTA-002.md,
REQ-WEBHOOK-001,WEBHOOK,CRUD,Webhook registration and management,Create list update delete webhooks scoped to org,,test_webhook_crud,Integration Test,MISSING,P0,6,Event-driven integration with external systems,0.5,REQ-RBAC-002,REQ-WEBHOOK-002,,,,,requirements/WEBHOOK/REQ-WEBHOOK-001.md,
REQ-WEBHOOK-002,WEBHOOK,Delivery,Webhook event delivery with signing,Deliver events with HMAC-SHA256 signed payloads,,test_webhook_delivery,Integration Test,MISSING,P0,6,Secure event delivery to registered endpoints,0.5,REQ-WEBHOOK-001,REQ-WEBHOOK-003,,,,,requirements/WEBHOOK/REQ-WEBHOOK-002.md,
REQ-WEBHOOK-003,WEBHOOK,Retry,Webhook delivery retry with exponential backoff,Retry failed deliveries 3 times with backoff,,test_webhook_retry,Integration Test,MISSING,HIGH,7,Resilient delivery despite endpoint failures,0.5,REQ-WEBHOOK-002|REQ-PROJ-003,REQ-WEBHOOK-004,,,,,requirements/WEBHOOK/REQ-WEBHOOK-003.md,
REQ-WEBHOOK-004,WEBHOOK,History,Webhook delivery history and status,List delivery attempts with status and response details,,test_webhook_history,Integration Test,MISSING,HIGH,7,Debugging and monitoring webhook integrations,0.3,REQ-WEBHOOK-003,REQ-ANALYTICS-002,,,,,requirements/WEBHOOK/REQ-WEBHOOK-004.md,
REQ-AUDIT-001,AUDIT,Logging,Audit log for all mutations with user and IP context,Every create update delete records user action entity IP timestamp,,test_audit_logging,Integration Test,MISSING,P0,3,Compliance and security visibility,0.5,REQ-RBAC-002,REQ-AUDIT-002,,,,,requirements/AUDIT/REQ-AUDIT-001.md,
REQ-AUDIT-002,AUDIT,Query,Audit log querying with filters,GET /orgs/:slug/audit-log with entity_type user_id date range filters,,test_audit_query,Integration Test,MISSING,HIGH,4,Audit investigation and compliance reporting,0.5,REQ-AUDIT-001,REQ-ADMIN-002,,,,,requirements/AUDIT/REQ-AUDIT-002.md,
REQ-NOTIF-001,NOTIF,System,Notification system infrastructure,Create list read mark-read notifications for users,,test_notification_system,Integration Test,MISSING,HIGH,4,In-app notification delivery,0.5,REQ-RBAC-003,REQ-NOTIF-002,,,,,requirements/NOTIF/REQ-NOTIF-001.md,
REQ-NOTIF-002,NOTIF,Auto,Automated lifecycle notifications,Auto-notify on invitation role-change removal archive plan-change,,test_auto_notifications,Integration Test,MISSING,HIGH,5,Keep members informed of org changes,0.5,REQ-NOTIF-001,REQ-QUOTA-002,,,,,requirements/NOTIF/REQ-NOTIF-002.md,
REQ-SEARCH-001,SEARCH,FullText,Full-text search across projects and resources,GET /orgs/:slug/search?q=term searches names and descriptions,,test_search,Integration Test,MISSING,HIGH,6,Cross-entity discovery within an org,0.5,REQ-RES-002,REQ-ANALYTICS-002,,,,,requirements/SEARCH/REQ-SEARCH-001.md,
REQ-ADMIN-001,ADMIN,Console,Platform admin org listing and management,GET /admin/orgs and PUT suspend/unsuspend for platform admins,,test_admin_console,Integration Test,MISSING,HIGH,5,Platform operator management capabilities,0.5,REQ-TENANT-002,REQ-ADMIN-002,,,,,requirements/ADMIN/REQ-ADMIN-001.md,
REQ-ADMIN-002,ADMIN,AuditView,Platform admin cross-org audit log access,GET /admin/orgs/:slug/audit-log for platform admins,,test_admin_audit,Integration Test,MISSING,HIGH,6,Platform-wide compliance and investigation,0.5,REQ-ADMIN-001|REQ-AUDIT-002,REQ-ANALYTICS-002,,,,,requirements/ADMIN/REQ-ADMIN-002.md,
REQ-ANALYTICS-001,ANALYTICS,Usage,Organization usage analytics,Aggregated usage metrics per org for billing period,,test_usage_analytics,Integration Test,MISSING,HIGH,8,Self-service usage visibility for org owners,0.5,REQ-BILLING-004,REQ-ANALYTICS-002,,,,,requirements/ANALYTICS/REQ-ANALYTICS-001.md,
REQ-ANALYTICS-002,ANALYTICS,Platform,Platform-wide analytics dashboard,Total orgs users resources revenue for platform admins,,test_platform_analytics,Integration Test,MISSING,HIGH,9,Platform operator business intelligence,0.5,REQ-ANALYTICS-001|REQ-ADMIN-002|REQ-WEBHOOK-004|REQ-SEARCH-001,REQ-ANALYTICS-003,,,,,requirements/ANALYTICS/REQ-ANALYTICS-002.md,
REQ-ANALYTICS-003,ANALYTICS,Export,Analytics data export,Export analytics as CSV for external analysis,,test_analytics_export,Integration Test,MISSING,MEDIUM,9,Integration with external BI tools,0.3,REQ-ANALYTICS-002,,,,,,requirements/ANALYTICS/REQ-ANALYTICS-003.md,
REQ-VALID-001,VALID,Input,Input validation on all endpoints,422 with descriptive field-level errors for invalid input,,test_input_validation,Integration Test,MISSING,HIGH,2,Prevents corrupt data and provides clear error messages,0.5,REQ-DB-001,,,,,,requirements/VALID/REQ-VALID-001.md,
REQ-VALID-002,VALID,Errors,Consistent error response format,401 402 403 404 409 422 with standard error object,,test_error_responses,Integration Test,MISSING,HIGH,2,Consistent API contract for consumers,0.3,REQ-VALID-001,,,,,,requirements/VALID/REQ-VALID-002.md,
REQ-TEST-001,TEST,Suite,Comprehensive test suite covering all requirements,All endpoints RBAC billing webhooks audit covered,,test_comprehensive_suite,Integration Test,MISSING,P0,10,Verification depends on test coverage,2,REQ-AUTH-003|REQ-TENANT-003|REQ-RBAC-003|REQ-PROJ-003|REQ-RES-002|REQ-APIKEY-003|REQ-BILLING-004|REQ-QUOTA-002|REQ-WEBHOOK-004|REQ-AUDIT-002|REQ-NOTIF-002|REQ-SEARCH-001|REQ-ADMIN-002|REQ-ANALYTICS-003|REQ-VALID-002,,,,,,requirements/TEST/REQ-TEST-001.md,
